,2023-09-22
Coke 350ml CR 24RB,844
COKE 500ML 20 RB,16
Coke Zero 750ml 6 S/W NP,86
DASANI STILL 500ML 12 S/W NP,20
DASANI WATER 1.5L 6 S/W NP,30
Fanta Fruit Blast 300ml 12 S/W NP,15
FANTA FRUIT BLAST 350ML RGB X 24,43
FANTA ORANGE 1.25L 6 S/W NP,137
Fanta Orange 300ml 12 S/W NP,39
Fanta Orange 350ml CR 24RB,485
Fanta Orange 500ml 20 RB,6
Fanta P/apple 350ml CR 24RB,280
Fanta Passion 1.25L 6 S/W NP,1
Fanta Passion 300ml 12 S/W NP,27
Fanta Passion 350ml 24 RB,193
Fanta Passion 500ml 20 RB,0
Fanta Pineapple 300ML 12 S/W NP,28
Fanta Pineapple 500ml 20 RB,3
KREST BITTER LEMON 300ML 24 RB,4
KREST SODA WATER 300ML 24 RB,12
Krest Soda Water 500ml 12 S/W NP,9
Krest Tonic 300ml 24 RB,3
Krest Tonic Water 500ml 12 S/W NP,18
MINUTE MAID MANGO 1L 6 SW PET,53
MINUTE MAID MANGO 400ML 12 SW NP,112
Monster Energy TZ 500ml 1x24 C,0
Novida Pineapple 300ml 12 S/W NP,40
Spar Pinenut 350ml 24 RB,275
SPRITE 1.25L 6 S/W NP,48
Sprite 300ml 12 S/W NP,25
Sprite 350ml CR 24RB,326
Sprite Zero 750ml 6 S/W NP,17
Tangawizi 350ml 24 RB,8
